{
    "students": {
        "20230302015": {
            "name": "yoga antara",
            "attendance": "hhhiihhhsshhhh"
        },
        "20230302063": {
            "name": "dinda",
            "attendance": "hhhhhhhhhhhhhh"
        }
    },
    "meetings": [
        "P1",
        "P2",
        "P3",
        "P4",
        "P5",
        "P6",
        "P7",
        "P8",
        "P9",
        "P10",
        "P11",
        "P12",
        "P13",
        "P14"
    ]
}